{
  "best_by": "ap50",
  "best_threshold": 0.05,
  "best_metric_value": 0.6499893963336945,
  "map_global_50": 0.6707872782677117,
  "map_global_50_95": 0.40562044737288855,
  "model_info": {
    "use_spark_pretrained": false,
    "weights_path": "./outputs/checkpoints/best_model.pth"
  }
}